city,2020,2021,2022,2023,2024,2025
Adair Village,1103,1316,1405,1410,1414,1499
Adams,391,394,394,408,410,410
Adrian,157,157,157,156,157,157
Albany,56528,56727,56896,57492,57881,57897
Amity,1765,1825,1826,1837,1840,1845
Antelope,37,37,37,36,35,35
Arlington,638,646,664,672,678,694
Ashland,21389,21422,21487,21502,21605,21862
Astoria,10276,10250,10229,10235,10246,10247
Athena,1210,1217,1221,1221,1227,1238
Aumsville,4236,4239,4239,4279,4276,4279
Aurora,1133,1133,1131,1134,1131,1141
Baker City,10108,10116,10121,10137,10145,10156
Bandon,3407,3468,3677,3772,3773,3773
Banks,1837,1832,1825,1894,1894,1897
Barlow,133,133,141,144,144,141
Bay City,1407,1437,1473,1501,1540,1598
Beaverton,97561,97894,99336,99812,99899,100778
Bend,99391,101417,102732,103827,105552,107079
Boardman,4640,4847,4934,5126,5748,5820
Bonanza,405,405,405,422,422,424
Brookings,6761,6768,6836,6921,6838,6850
Brownsville,1698,1698,1841,1841,1844,1852
Burns,2733,2730,2731,2731,2728,2728
Butte Falls,443,447,443,441,443,448
Canby,18189,18380,18568,18874,19166,19326
Cannon Beach,1501,1509,1517,1526,1533,1541
Canyon City,664,668,668,670,675,681
Canyonville,1649,1649,1652,1656,1637,1643
Carlton,2226,2275,2317,2392,2439,2456
Cascade Locks,1391,1398,1401,1403,1412,1415
Cave Junction,2089,2102,2104,2098,2101,2111
Central Point,19057,19126,19127,19185,19391,19678
Chiloquin,768,768,768,768,768,777
Clatskanie,1720,1722,1754,1768,1794,1819
Coburg,1254,1322,1330,1373,1421,1456
Columbia City,1940,1941,1948,1935,1946,1946
Condon,712,715,726,728,745,752
Coos Bay,16057,16063,16083,16178,16183,16204
Coquille,4032,4031,4049,4042,4048,4052
Cornelius,12715,12945,13676,13852,14508,14763
Corvallis,60144,56986,60200,60595,60933,61247
Cottage Grove,10597,10700,10727,10892,10903,10909
Cove,620,625,627,629,635,635
Creswell,5652,5675,5713,5720,5789,5803
Culver,1603,1618,1630,1644,1649,1661
Dallas,16855,17181,17425,17758,18046,18213
Dayton,2681,2698,2697,2697,2688,2699
Dayville,132,134,136,141,141,141
Depoe Bay,1525,1541,1551,1561,1563,1582
Detroit,203,112,138,151,158,160
Donald,1009,1012,1015,1015,1123,1158
Drain,1177,1177,1177,1182,1180,1204
Dufur,633,638,638,638,647,647
Dundee,3245,3249,3249,3248,3260,3260
Dunes City,1432,1442,1455,1460,1470,1478
Durham,1944,1943,1941,1923,1907,1964
Eagle Point,9698,9738,9754,9773,9868,10193
Echo,632,632,634,631,638,635
Elgin,1716,1725,1758,1820,1822,1822
Elkton,185,185,186,200,202,204
Enterprise,2078,2098,2115,2118,2118,2127
Estacada,4435,4758,5200,5597,5960,6232
Eugene,176624,175526,177618,178141,178454,179352
Fairview,10453,10449,10454,10458,10508,11046
Falls City,1056,1133,1107,1120,1138,1143
Florence,9414,9548,9585,9596,9611,9664
Forest Grove,26405,25834,26279,26805,26944,27241
Fossil,448,448,448,450,450,450
Garibaldi,831,831,831,831,861,861
Gaston,676,676,676,676,676,676
Gates,548,478,514,525,532,539
Gearhart,1851,1885,1917,1924,1965,1975
Gervais,2589,2601,2719,2763,2732,2835
Gladstone,12012,12027,12034,12046,11998,11992
Glendale,862,864,864,864,861,859
Gold Beach,2355,2358,2365,2402,2410,2417
Gold Hill,1336,1353,1355,1360,1363,1363
Granite,32,32,32,32,32,32
Grants Pass,39357,39390,39741,39922,40184,40380
Grass Valley,149,149,154,154,158,164
Greenhorn,3,3,3,3,3,3
Gresham,114303,114373,114447,115219,115369,115739
Haines,373,373,380,391,395,395
Halfway,351,351,354,354,363,365
Halsey,963,966,966,969,975,975
Happy Valley,23949,24771,25704,26354,27727,28291
Harrisburg,3657,3664,3662,3671,3672,3679
Helix,194,194,194,194,194,194
Heppner,1196,1196,1198,1203,1201,1205
Hermiston,19450,19533,19741,20057,20182,20296
Hillsboro,106532,107513,108595,109876,111024,112735
Hines,1653,1654,1653,1648,1644,1633
Hood River,8329,8375,8415,8511,8588,8633
Hubbard,3476,3474,3477,3475,3477,3478
Huntington,502,502,506,506,506,506
Idanha,156,156,156,156,156,156
Imbler,247,251,251,251,253,253
Independence,9854,10067,10408,10382,10625,10638
Ione,341,343,343,343,343,343
Irrigon,2295,2300,2328,2340,2346,2372
Island City,1144,1144,1144,1144,1146,1146
Jacksonville,3025,3054,3059,3061,3071,3185
Jefferson,3328,3351,3356,3392,3525,3524
John Day,1669,1665,1660,1656,1639,1643
Johnson City,539,537,531,535,535,535
Jordan Valley,130,130,130,130,131,131
Joseph,1154,1154,1154,1154,1182,1196
Junction City,6802,6874,6887,7213,7442,7472
Keizer,39443,39197,39237,39244,39404,39540
King City,5170,5170,5167,5172,5175,5183
Klamath Falls,21877,21938,22131,22058,22089,22135
La Grande,13033,12825,12870,12821,12840,12869
La Pine,2551,2645,2818,2983,3122,3223
Lafayette,4431,4448,4490,4577,4637,4755
Lake Oswego,40722,40678,41090,41239,41294,41474
Lakeside,1912,1912,1903,1916,1916,1924
Lakeview,2442,2447,2448,2449,2448,2449
Lebanon,18577,18756,19181,19770,19937,20060
Lexington,238,238,238,244,244,244
Lincoln City,9885,9886,9935,10024,10107,10162
Lonerock,25,25,25,25,25,25
Long Creek,173,173,173,175,175,173
Lostine,241,241,241,241,243,243
Lowell,1200,1200,1242,1269,1306,1316
Lyons,1208,1208,1217,1219,1231,1240
Madras,7566,7698,7868,7954,8117,8242
Malin,732,732,732,737,737,739
Manzanita,605,609,620,643,649,657
Maupin,428,431,437,437,449,449
Maywood Park,830,830,830,830,830,830
McMinnville,34384,33941,34051,34623,34735,34818
Medford,86050,87007,87602,88122,88738,89946
Merrill,822,825,822,849,854,859
Metolius,981,986,986,1005,1015,1015
Mill City,1999,2014,2028,2096,2096,2230
Millersburg,2924,3067,3117,3163,3211,3214
Milton-Freewater,7162,7094,7184,7211,7301,7321
Milwaukie,21188,21197,21193,21214,21436,21361
Mitchell,138,138,138,138,138,138
Molalla,10231,10184,10198,10219,10485,10491
Monmouth,11489,10952,11366,11453,11718,11655
Monroe,647,647,723,723,723,723
Monument,115,115,115,115,113,113
Moro,368,368,370,370,375,378
Mosier,469,469,480,480,493,493
Mt. Angel,3404,3415,3483,3540,3612,3652
Mt. Vernon,548,548,548,550,549,547
Myrtle Creek,3492,3502,3493,3495,3502,3501
Myrtle Point,2487,2489,2484,2497,2495,2497
Nehalem,273,276,276,283,297,299
Newberg,25212,25444,25765,25937,26281,26720
Newport,10398,10498,10589,10595,10652,10439
North Bend,10354,10393,10411,10337,10396,10402
North Plains,3446,3450,3460,3660,3820,4133
North Powder,504,504,499,501,501,501
Nyssa,3240,3245,3288,3287,3295,3291
Oakland,933,936,944,948,951,954
Oakridge,3195,3200,3204,3216,3194,3197
Ontario,11677,11691,11748,11863,11824,11878
Oregon City,37584,37593,37597,38045,38050,38387
Paisley,251,248,250,248,246,260
Pendleton,17138,17162,16851,16942,17026,17052
Philomath,5355,5605,5725,5731,5721,5776
Phoenix,4479,4037,4131,4270,4414,4600
Pilot Rock,1329,1329,1338,1342,1344,1344
Port Orford,1149,1148,1148,1148,1167,1060
Portland,649556,639057,638908,638368,639402,640623
Powers,715,715,721,721,719,719
Prairie City,841,841,841,841,846,846
Prescott,82,84,84,84,84,84
Prineville,10830,11066,11441,11794,12107,12288
Rainier,1916,1918,1927,1936,1945,1950
Redmond,33771,35562,36382,36888,37460,38199
Reedsport,4319,4315,4320,4323,4359,4362
Richland,165,165,165,165,165,165
Riddle,1217,1217,1228,1233,1234,1237
Rivergrove,545,553,561,561,570,575
Rockaway Beach,1462,1480,1499,1512,1523,1533
Rogue River,2411,2442,2442,2442,2443,2484
Roseburg,23750,23756,23862,23875,23926,23910
Rufus,269,269,269,273,277,279
Salem,175695,176437,178466,178543,179497,179977
Sandy,12647,12708,12743,12986,12996,13044
Scappoose,8032,8033,8051,8198,8246,8251
Scio,957,960,960,960,963,963
Scotts Mills,424,429,435,447,456,459
Seaside,7138,7248,7258,7308,7323,7334
Seneca,165,165,165,172,171,168
Shady Cove,3083,3090,3090,3093,3093,3096
Shaniko,30,30,30,21,21,21
Sheridan,6407,6294,6165,6018,6290,6196
Sherwood,20465,20517,20489,20671,20782,20871
Siletz,1234,1234,1234,1232,1238,1245
Silverton,10495,10553,10550,10907,10949,10970
Sisters,3109,3321,3464,3684,3763,3834
Sodaville,365,360,360,360,360,360
Spray,141,141,141,141,141,141
Springfield,61940,62042,62379,62508,63263,63304
St. Helens,14108,14240,14203,14371,14472,14552
St. Paul,434,434,437,440,440,440
Stanfield,2154,2184,2245,2266,2300,2316
Stayton,8241,8284,8295,8146,8151,8280
Sublimity,2979,3063,3080,3089,3102,3144
Summerville,119,119,119,119,119,119
Sumpter,204,204,206,206,208,209
Sutherlin,8565,8575,8617,8669,8684,8591
Sweet Home,9849,9893,10031,10055,10085,10116
Talent,6290,5865,5923,6156,6415,6701
Tangent,1232,1232,1232,1232,1235,1235
The Dalles,16130,16078,16117,16130,16160,16223
Tigard,54663,55136,55377,55527,56331,57091
Tillamook,5201,5267,5223,5239,5223,5233
Toledo,3559,3558,3593,3647,3654,3654
Troutdale,16274,16073,16354,16374,16371,16484
Tualatin,27872,27802,27810,27670,27809,28318
Turner,2521,2786,2863,2865,2865,2872
Ukiah,238,240,231,236,277,277
Umatilla,7408,7568,7861,8080,8261,8617
Union,2149,2156,2158,2162,2173,2184
Unity,40,40,40,40,40,40
Vale,1897,1897,1902,1907,1869,1896
Veneta,5219,5260,5265,5282,5281,5300
Vernonia,2381,2386,2407,2409,2438,2462
Waldport,2258,2281,2313,2341,2344,2362
Wallowa,796,796,796,796,804,804
Warrenton,6348,6441,6427,6463,6500,6506
Wasco,418,418,418,418,424,428
Waterloo,222,222,219,219,219,219
West Linn,27387,27431,27485,27519,27576,27601
Westfir,259,259,259,261,261,263
Weston,707,707,707,707,707,707
Wheeler,423,423,423,426,429,429
Willamina,2251,2251,2286,2298,2307,2310
Wilsonville,26698,27023,27086,27078,27197,27371
Winston,5660,5628,5609,5612,5607,5607
Wood Village,4392,4811,5219,5217,5215,5220
Woodburn,26015,26122,26556,28173,29599,30843
Yachats,997,997,997,997,1006,1010
Yamhill,1177,1211,1213,1213,1223,1309
Yoncalla,1031,1041,1041,1071,1086,1086
